INSERT INTO categories (id, name, description) VALUES
('526402777421709313', 'Category 1', 'This is category 1'),
('526403107899310082', 'Category 2', 'This is category 2'),
('526403265579974659', 'Category 3', 'This is category 3'),
('526403439761031172', 'Category 4', 'This is category 4'),
('526403643973304325', 'Category 5', 'This is category 5');

INSERT INTO products (id, name, price, description) VALUES
('526403779902308358', 'Product 1', 1000, 'This is product 1'),
('526403958856482823', 'Product 2', 2000, 'This is product 2'),
('526404087537729544', 'Product 3', 3000, 'This is product 3'),
('526404262373097481', 'Product 4', 4000, 'This is product 4'),
('526404379536785418', 'Product 5', 5032, 'This is product 5'),
('526404490752950283', 'Product 6', 6000, 'This is product 6'),
('526404634617577484', 'Product 7', 7077, 'This is product 7'),
('526404777643343885', 'Product 8', 8000, 'This is product 8'),
('526404888909840398', 'Product 9', 9099, 'This is product 9'),
('526404991661899791', 'Product 10', 10000, 'This is product 10');

INSERT INTO inventory (product_id, quantity) VALUES
('526403779902308358', 100),
('526403958856482823', 200),
('526404087537729544', 150),
('526404262373097481', 120),
('526404379536785418', 0),
('526404490752950283', 0),
('526404634617577484', 90),
('526404777643343885', 70),
('526404888909840398', 110),
('526404991661899791', 80);

INSERT INTO product_categories (product_id, category_id) VALUES 
('526403779902308358', '526402777421709313'),
('526403958856482823', '526402777421709313'),
('526404087537729544', '526402777421709313'),
('526404262373097481', '526403107899310082'),
('526404379536785418', '526403107899310082'),
('526404490752950283', '526403107899310082'),
('526404634617577484', '526403265579974659'),
('526404777643343885', '526403265579974659'),
('526404888909840398', '526403439761031172'),
('526404991661899791', '526403643973304325');
